,uuid,url,filename,folder,building
0,697033cb-b8f1-49f2-9c64-8985f024ad18,https://webdata.tudelft.nl/staff-umbrella/digitalcollections/diensten/cre/technisch-informatiebeheer/kalktekeningen-compleet/JPEG/AA270875/513.jpg,513,AA270875,00-22.48
1,2a0bebd5-5c70-408a-97ed-a04383b38196,https://webdata.tudelft.nl/staff-umbrella/digitalcollections/diensten/cre/technisch-informatiebeheer/kalktekeningen-compleet/JPEG/AA270875/Blad%201A.jpg,Blad 1A,AA270875,00-22.48
2,2ecef8cb-357c-4232-9d3a-d4ce60bd8164,https://webdata.tudelft.nl/staff-umbrella/digitalcollections/diensten/cre/technisch-informatiebeheer/kalktekeningen-compleet/JPEG/AA270875/Blad%202.jpg,Blad 2,AA270875,00-22.48
3,d781020f-b9ab-410a-a7e5-b08d7f210163,https://webdata.tudelft.nl/staff-umbrella/digitalcollections/diensten/cre/technisch-informatiebeheer/kalktekeningen-compleet/JPEG/AA270875/Blad%203.jpg,Blad 3,AA270875,00-22.48
4,b88531ae-21dd-4a55-8dc7-2f467d893828,https://webdata.tudelft.nl/staff-umbrella/digitalcollections/diensten/cre/technisch-informatiebeheer/kalktekeningen-compleet/JPEG/AA270875/Blad%204.jpg,Blad 4,AA270875,00-22.48
5,3e7b9d45-fcbe-4cc2-ac9c-83df594dffbc,https://webdata.tudelft.nl/staff-umbrella/digitalcollections/diensten/cre/technisch-informatiebeheer/kalktekeningen-compleet/JPEG/AA270875/Blad%205.jpg,Blad 5,AA270875,00-22.48
6,3a008801-59a0-4e72-a7c3-2c9d0ff4d8b3,https://webdata.tudelft.nl/staff-umbrella/digitalcollections/diensten/cre/technisch-informatiebeheer/kalktekeningen-compleet/JPEG/AA270875/Blad%206.jpg,Blad 6,AA270875,00-22.48
7,dc9a35f4-92c6-43e0-88e3-805312592ca2,https://webdata.tudelft.nl/staff-umbrella/digitalcollections/diensten/cre/technisch-informatiebeheer/kalktekeningen-compleet/JPEG/AA270875/Blad%207.jpg,Blad 7,AA270875,00-22.48
8,d7ebacf4-3a63-4a65-8cdb-54f5985c7b16,https://webdata.tudelft.nl/staff-umbrella/digitalcollections/diensten/cre/technisch-informatiebeheer/kalktekeningen-compleet/JPEG/AA270875/Blad%208.jpg,Blad 8,AA270875,00-22.48
9,82a86b3d-ea88-4cc5-9518-c4ab54d28e20,https://webdata.tudelft.nl/staff-umbrella/digitalcollections/diensten/cre/technisch-informatiebeheer/kalktekeningen-compleet/JPEG/AA270875/Blad%209.jpg,Blad 9,AA270875,00-22.48
10,f63cdba2-538e-4c55-ac6a-fb6c9bd97dbd,https://webdata.tudelft.nl/staff-umbrella/digitalcollections/diensten/cre/technisch-informatiebeheer/kalktekeningen-compleet/JPEG/AA270875/Blad%2010.jpg,Blad 10,AA270875,00-22.48
11,cfc28868-3a98-443b-8eee-2f14ed2fdaf2,https://webdata.tudelft.nl/staff-umbrella/digitalcollections/diensten/cre/technisch-informatiebeheer/kalktekeningen-compleet/JPEG/AA270875/Blad%2011.jpg,Blad 11,AA270875,00-22.48
12,554c290e-e5fd-4103-89b6-eb2303a3ed44,https://webdata.tudelft.nl/staff-umbrella/digitalcollections/diensten/cre/technisch-informatiebeheer/kalktekeningen-compleet/JPEG/AA270875/Blad%2012.jpg,Blad 12,AA270875,00-22.48
13,167eae42-f66d-4e88-a45c-3df0b20af9e9,https://webdata.tudelft.nl/staff-umbrella/digitalcollections/diensten/cre/technisch-informatiebeheer/kalktekeningen-compleet/JPEG/AA270875/Blad%2013.jpg,Blad 13,AA270875,00-22.48
14,f4f7d187-01a4-4c0d-8fc9-642595cb10b8,https://webdata.tudelft.nl/staff-umbrella/digitalcollections/diensten/cre/technisch-informatiebeheer/kalktekeningen-compleet/JPEG/AA270875/Blad%2014.jpg,Blad 14,AA270875,00-22.48
15,2de712d2-e0ec-43a2-9cc9-cb2c3ba03b5c,https://webdata.tudelft.nl/staff-umbrella/digitalcollections/diensten/cre/technisch-informatiebeheer/kalktekeningen-compleet/JPEG/AA270875/Blad%2015.jpg,Blad 15,AA270875,00-22.48
16,6c125e9d-4ce5-43c1-979f-032b6ddbc706,https://webdata.tudelft.nl/staff-umbrella/digitalcollections/diensten/cre/technisch-informatiebeheer/kalktekeningen-compleet/JPEG/AA270875/Blad%2016.jpg,Blad 16,AA270875,00-22.48
17,bed565c0-3ad7-428e-8476-f53d6c5bd752,https://webdata.tudelft.nl/staff-umbrella/digitalcollections/diensten/cre/technisch-informatiebeheer/kalktekeningen-compleet/JPEG/AA270875/Blad%2017.jpg,Blad 17,AA270875,00-22.48
18,4f3b3f77-ec22-4cdd-b587-9be08c753ba1,https://webdata.tudelft.nl/staff-umbrella/digitalcollections/diensten/cre/technisch-informatiebeheer/kalktekeningen-compleet/JPEG/AA270900/612-M-1.jpg,612-M-1,AA270900,00-35.112
19,51b99e07-5c45-4cbf-abab-5d418ca668af,https://webdata.tudelft.nl/staff-umbrella/digitalcollections/diensten/cre/technisch-informatiebeheer/kalktekeningen-compleet/JPEG/AA270900/612-M-2.jpg,612-M-2,AA270900,00-35.112
20,62b57fb2-8b5e-41f7-924f-0daa0afac93c,https://webdata.tudelft.nl/staff-umbrella/digitalcollections/diensten/cre/technisch-informatiebeheer/kalktekeningen-compleet/JPEG/AA270900/612-M-3-1.jpg,612-M-3-1,AA270900,00-35.112
21,800fa608-04f8-47e5-92fe-eda8d18500fc,https://webdata.tudelft.nl/staff-umbrella/digitalcollections/diensten/cre/technisch-informatiebeheer/kalktekeningen-compleet/JPEG/AA270900/612-M-3.jpg,612-M-3,AA270900,00-35.112
22,88eb0264-23c5-48cb-9b70-7ef8efd2103d,https://webdata.tudelft.nl/staff-umbrella/digitalcollections/diensten/cre/technisch-informatiebeheer/kalktekeningen-compleet/JPEG/AA270900/612-M-3A.jpg,612-M-3A,AA270900,00-35.112
23,525a5463-fbc0-4e11-a623-23f3c493e92e,https://webdata.tudelft.nl/staff-umbrella/digitalcollections/diensten/cre/technisch-informatiebeheer/kalktekeningen-compleet/JPEG/AA270900/612-M-4.jpg,612-M-4,AA270900,00-35.112
24,46cb07d0-7e71-4866-b9e2-1715b0bb4eb1,https://webdata.tudelft.nl/staff-umbrella/digitalcollections/diensten/cre/technisch-informatiebeheer/kalktekeningen-compleet/JPEG/AA270900/612-M-4A.jpg,612-M-4A,AA270900,00-35.112
25,36caa3f0-a043-4dcd-bbf8-3d6c78dad3f8,https://webdata.tudelft.nl/staff-umbrella/digitalcollections/diensten/cre/technisch-informatiebeheer/kalktekeningen-compleet/JPEG/AA270900/612-M-5.jpg,612-M-5,AA270900,00-35.112
26,e815cdb9-c452-4e37-804f-37828c3bbb4c,https://webdata.tudelft.nl/staff-umbrella/digitalcollections/diensten/cre/technisch-informatiebeheer/kalktekeningen-compleet/JPEG/AA270900/612-M-6.jpg,612-M-6,AA270900,00-35.112
27,f720dfd3-49f9-409c-bf3e-e59b4db0a2e1,https://webdata.tudelft.nl/staff-umbrella/digitalcollections/diensten/cre/technisch-informatiebeheer/kalktekeningen-compleet/JPEG/AA270900/612-M-7.jpg,612-M-7,AA270900,00-35.112
28,268eaf8b-ba01-4eac-ad8d-d1ff11aba7c1,https://webdata.tudelft.nl/staff-umbrella/digitalcollections/diensten/cre/technisch-informatiebeheer/kalktekeningen-compleet/JPEG/AA270900/612-M-8.jpg,612-M-8,AA270900,00-35.112
29,60192421-cf4a-4441-9fe0-aff2c56f2754,https://webdata.tudelft.nl/staff-umbrella/digitalcollections/diensten/cre/technisch-informatiebeheer/kalktekeningen-compleet/JPEG/AA270900/612-M-9.jpg,612-M-9,AA270900,00-35.112
30,6429ec3f-93d7-413e-8a05-d5d244834aa7,https://webdata.tudelft.nl/staff-umbrella/digitalcollections/diensten/cre/technisch-informatiebeheer/kalktekeningen-compleet/JPEG/AA270900/612-M-10.jpg,612-M-10,AA270900,00-35.112
31,69eda9ea-7ccf-4064-9423-4fd32c452eee,https://webdata.tudelft.nl/staff-umbrella/digitalcollections/diensten/cre/technisch-informatiebeheer/kalktekeningen-compleet/JPEG/AA270900/612-M-11.jpg,612-M-11,AA270900,00-35.112
32,cc8611c3-1dd5-4957-a5a1-41005a11c019,https://webdata.tudelft.nl/staff-umbrella/digitalcollections/diensten/cre/technisch-informatiebeheer/kalktekeningen-compleet/JPEG/AA270900/612-M-12.jpg,612-M-12,AA270900,00-35.112
33,5977b56d-fb41-4c27-9862-d15f97d2cd58,https://webdata.tudelft.nl/staff-umbrella/digitalcollections/diensten/cre/technisch-informatiebeheer/kalktekeningen-compleet/JPEG/AA270900/612-M-13.jpg,612-M-13,AA270900,00-35.112
34,39d4a463-b4e5-4fbd-9709-5f49cd79f326,https://webdata.tudelft.nl/staff-umbrella/digitalcollections/diensten/cre/technisch-informatiebeheer/kalktekeningen-compleet/JPEG/AA270900/612-M-19.jpg,612-M-19,AA270900,00-35.112
35,95a24d59-190f-494d-88c3-396eb9b6e2e8,https://webdata.tudelft.nl/staff-umbrella/digitalcollections/diensten/cre/technisch-informatiebeheer/kalktekeningen-compleet/JPEG/AA270900/612-M-21.jpg,612-M-21,AA270900,00-35.112
36,1879d5d4-28ea-4d2e-ae2d-7714ebcf3b6b,https://webdata.tudelft.nl/staff-umbrella/digitalcollections/diensten/cre/technisch-informatiebeheer/kalktekeningen-compleet/JPEG/AA270900/612-M-22.jpg,612-M-22,AA270900,00-35.112
37,7b720143-6625-4322-88cc-c85e26a855ef,https://webdata.tudelft.nl/staff-umbrella/digitalcollections/diensten/cre/technisch-informatiebeheer/kalktekeningen-compleet/JPEG/AA270900/612-M-23.jpg,612-M-23,AA270900,00-35.112
38,cf4db5e2-66ad-47e5-a78f-474f0473c606,https://webdata.tudelft.nl/staff-umbrella/digitalcollections/diensten/cre/technisch-informatiebeheer/kalktekeningen-compleet/JPEG/AA270900/612-M-24.jpg,612-M-24,AA270900,00-35.112
39,4cf79796-9ff2-41d0-958f-13f79dc922bc,https://webdata.tudelft.nl/staff-umbrella/digitalcollections/diensten/cre/technisch-informatiebeheer/kalktekeningen-compleet/JPEG/AA270900/612-M-25.jpg,612-M-25,AA270900,00-35.112
40,13ede2b6-1b8a-44ad-9a5c-178914de33d9,https://webdata.tudelft.nl/staff-umbrella/digitalcollections/diensten/cre/technisch-informatiebeheer/kalktekeningen-compleet/JPEG/AA270900/612-M-26.jpg,612-M-26,AA270900,00-35.112
41,12e3dd77-f495-4346-b51c-771cd613bb6b,https://webdata.tudelft.nl/staff-umbrella/digitalcollections/diensten/cre/technisch-informatiebeheer/kalktekeningen-compleet/JPEG/AA270900/612-M-27.jpg,612-M-27,AA270900,00-35.112
42,173118b7-28ac-4e6b-a334-3eee4402d1bf,https://webdata.tudelft.nl/staff-umbrella/digitalcollections/diensten/cre/technisch-informatiebeheer/kalktekeningen-compleet/JPEG/AA270915/GEEN%20TEKENINGNUMMER(1).jpg,GEEN TEKENINGNUMMER(1),AA270915,TR
43,87d0cb8d-6382-463e-9eb5-dff6c81a1609,https://webdata.tudelft.nl/staff-umbrella/digitalcollections/diensten/cre/technisch-informatiebeheer/kalktekeningen-compleet/JPEG/AA270915/GEEN%20TEKENINGNUMMER(2).jpg,GEEN TEKENINGNUMMER(2),AA270915,TR
44,11c82c4e-5b59-4386-a2b3-450770b362f0,https://webdata.tudelft.nl/staff-umbrella/digitalcollections/diensten/cre/technisch-informatiebeheer/kalktekeningen-compleet/JPEG/AA270915/GEEN%20TEKENINGNUMMER(3).jpg,GEEN TEKENINGNUMMER(3),AA270915,TR
45,4db00257-4c20-4599-b7c7-7a60d2618630,https://webdata.tudelft.nl/staff-umbrella/digitalcollections/diensten/cre/technisch-informatiebeheer/kalktekeningen-compleet/JPEG/AA270915/GEEN%20TEKENINGNUMMER(4).jpg,GEEN TEKENINGNUMMER(4),AA270915,TR
46,232417bc-3cc4-45a3-b98d-b3a9e914b70e,https://webdata.tudelft.nl/staff-umbrella/digitalcollections/diensten/cre/technisch-informatiebeheer/kalktekeningen-compleet/JPEG/AA270915/GEEN%20TEKENINGNUMMER(5).jpg,GEEN TEKENINGNUMMER(5),AA270915,TR
47,a7863f99-86a2-4a3f-b820-c4836787bfc4,https://webdata.tudelft.nl/staff-umbrella/digitalcollections/diensten/cre/technisch-informatiebeheer/kalktekeningen-compleet/JPEG/AA270915/GEEN%20TEKENINGNUMMER(6).jpg,GEEN TEKENINGNUMMER(6),AA270915,TR
48,8eaca068-2c5b-4567-b563-c2895575ca20,https://webdata.tudelft.nl/staff-umbrella/digitalcollections/diensten/cre/technisch-informatiebeheer/kalktekeningen-compleet/JPEG/AA270915/GEEN%20TEKENINGNUMMER(7).jpg,GEEN TEKENINGNUMMER(7),AA270915,TR
49,954c9f06-ea03-414a-9186-34b753c4fa63,https://webdata.tudelft.nl/staff-umbrella/digitalcollections/diensten/cre/technisch-informatiebeheer/kalktekeningen-compleet/JPEG/AA270915/GEEN%20TEKENINGNUMMER(8).jpg,GEEN TEKENINGNUMMER(8),AA270915,TR
50,bb1b32d2-d3b8-41f9-bd81-6ebe846eef4a,https://webdata.tudelft.nl/staff-umbrella/digitalcollections/diensten/cre/technisch-informatiebeheer/kalktekeningen-compleet/JPEG/AA270915/GEEN%20TEKENINGNUMMER(9).jpg,GEEN TEKENINGNUMMER(9),AA270915,TR
51,f3bc282a-ba24-441e-8666-55839684a7e1,https://webdata.tudelft.nl/staff-umbrella/digitalcollections/diensten/cre/technisch-informatiebeheer/kalktekeningen-compleet/JPEG/AA270915/GEEN%20TEKENINGNUMMER(10).jpg,GEEN TEKENINGNUMMER(10),AA270915,TR
52,9791bd00-4924-424f-a8f6-526c7bad79ae,https://webdata.tudelft.nl/staff-umbrella/digitalcollections/diensten/cre/technisch-informatiebeheer/kalktekeningen-compleet/JPEG/AA270915/GEEN%20TEKENINGNUMMER(11).jpg,GEEN TEKENINGNUMMER(11),AA270915,TR
53,ff84e67e-fde5-45cf-9761-db4e92f202e7,https://webdata.tudelft.nl/staff-umbrella/digitalcollections/diensten/cre/technisch-informatiebeheer/kalktekeningen-compleet/JPEG/AA270915/GEEN%20TEKENINGNUMMER(12).jpg,GEEN TEKENINGNUMMER(12),AA270915,TR
54,628009fc-8295-4fee-a3eb-7fd15ef7a5eb,https://webdata.tudelft.nl/staff-umbrella/digitalcollections/diensten/cre/technisch-informatiebeheer/kalktekeningen-compleet/JPEG/AA270915/GEEN%20TEKENINGNUMMER(13).jpg,GEEN TEKENINGNUMMER(13),AA270915,TR
55,2ad231d5-c26d-41a8-97ab-ab222a29c97b,https://webdata.tudelft.nl/staff-umbrella/digitalcollections/diensten/cre/technisch-informatiebeheer/kalktekeningen-compleet/JPEG/AA270915/GEEN%20TEKENINGNUMMER(14).jpg,GEEN TEKENINGNUMMER(14),AA270915,TR
56,54b51a22-5d31-49ae-b978-1285fb88b6c7,https://webdata.tudelft.nl/staff-umbrella/digitalcollections/diensten/cre/technisch-informatiebeheer/kalktekeningen-compleet/JPEG/AA270915/GEEN%20TEKENINGNUMMER(15).jpg,GEEN TEKENINGNUMMER(15),AA270915,TR
57,73e7d15e-d01b-4a90-97f7-781de87519f4,https://webdata.tudelft.nl/staff-umbrella/digitalcollections/diensten/cre/technisch-informatiebeheer/kalktekeningen-compleet/JPEG/AA270915/GEEN%20TEKENINGNUMMER(16).jpg,GEEN TEKENINGNUMMER(16),AA270915,TR
58,6435632b-75e3-49d9-aeff-16e26e5f39b1,https://webdata.tudelft.nl/staff-umbrella/digitalcollections/diensten/cre/technisch-informatiebeheer/kalktekeningen-compleet/JPEG/AA270915/GEEN%20TEKENINGNUMMER(17).jpg,GEEN TEKENINGNUMMER(17),AA270915,TR
59,8349dd87-62b3-42be-8d0a-3ff6d8166103,https://webdata.tudelft.nl/staff-umbrella/digitalcollections/diensten/cre/technisch-informatiebeheer/kalktekeningen-compleet/JPEG/AA270915/GEEN%20TEKENINGNUMMER(18).jpg,GEEN TEKENINGNUMMER(18),AA270915,TR
60,8e90a402-e47d-4ddd-898d-80a9130d6503,https://webdata.tudelft.nl/staff-umbrella/digitalcollections/diensten/cre/technisch-informatiebeheer/kalktekeningen-compleet/JPEG/AA270915/GEEN%20TEKENINGNUMMER(19).jpg,GEEN TEKENINGNUMMER(19),AA270915,TR
61,a9e141de-b3dc-441c-a1ba-65ea82b6acad,https://webdata.tudelft.nl/staff-umbrella/digitalcollections/diensten/cre/technisch-informatiebeheer/kalktekeningen-compleet/JPEG/AA270915/GEEN%20TEKENINGNUMMER(20).jpg,GEEN TEKENINGNUMMER(20),AA270915,TR
62,3b3d2d09-fb22-417b-b511-06886b6a0eb8,https://webdata.tudelft.nl/staff-umbrella/digitalcollections/diensten/cre/technisch-informatiebeheer/kalktekeningen-compleet/JPEG/AA270915/GEEN%20TEKENINGNUMMER(21).jpg,GEEN TEKENINGNUMMER(21),AA270915,TR
63,c8a02383-4225-453c-81b4-914358fd6775,https://webdata.tudelft.nl/staff-umbrella/digitalcollections/diensten/cre/technisch-informatiebeheer/kalktekeningen-compleet/JPEG/AA270915/GEEN%20TEKENINGNUMMER(22).jpg,GEEN TEKENINGNUMMER(22),AA270915,TR
64,9eaa17c4-a9f9-49a4-bc7a-6f75d193bf4c,https://webdata.tudelft.nl/staff-umbrella/digitalcollections/diensten/cre/technisch-informatiebeheer/kalktekeningen-compleet/JPEG/AA270915/GEEN%20TEKENINGNUMMER(23).jpg,GEEN TEKENINGNUMMER(23),AA270915,TR
65,34747f5c-72a0-4fd8-a4ef-003c08f0bb69,https://webdata.tudelft.nl/staff-umbrella/digitalcollections/diensten/cre/technisch-informatiebeheer/kalktekeningen-compleet/JPEG/AA270915/GEEN%20TEKENINGNUMMER(24).jpg,GEEN TEKENINGNUMMER(24),AA270915,TR
66,db88f261-302b-4ce4-8f33-84b0d4d20668,https://webdata.tudelft.nl/staff-umbrella/digitalcollections/diensten/cre/technisch-informatiebeheer/kalktekeningen-compleet/JPEG/AA270915/GEEN%20TEKENINGNUMMER(25).jpg,GEEN TEKENINGNUMMER(25),AA270915,TR
67,074a4598-5988-46a2-95f4-f8c625a1fcb3,https://webdata.tudelft.nl/staff-umbrella/digitalcollections/diensten/cre/technisch-informatiebeheer/kalktekeningen-compleet/JPEG/AA270916/1.jpg,1,AA270916,00-12.4
68,a8453a5b-7b1f-4310-833e-c399b6df5d7e,https://webdata.tudelft.nl/staff-umbrella/digitalcollections/diensten/cre/technisch-informatiebeheer/kalktekeningen-compleet/JPEG/AA270916/6.jpg,6,AA270916,00-12.4
69,2bea1e4a-0073-4189-9cce-7bdce5419334,https://webdata.tudelft.nl/staff-umbrella/digitalcollections/diensten/cre/technisch-informatiebeheer/kalktekeningen-compleet/JPEG/AA270916/7.jpg,7,AA270916,00-12.4
70,b958044a-a340-4645-9f83-51b08554adfe,https://webdata.tudelft.nl/staff-umbrella/digitalcollections/diensten/cre/technisch-informatiebeheer/kalktekeningen-compleet/JPEG/AA270917/37E.jpg,37E,AA270917,TR
71,7680527d-b528-4440-88ad-bf5d7e8fb6e7,https://webdata.tudelft.nl/staff-umbrella/digitalcollections/diensten/cre/technisch-informatiebeheer/kalktekeningen-compleet/JPEG/AA270917/GEEN%20TEKENINGNUMMER(1).jpg,GEEN TEKENINGNUMMER(1),AA270917,TR
72,1c1d777f-1315-4659-8201-ea5153fef091,https://webdata.tudelft.nl/staff-umbrella/digitalcollections/diensten/cre/technisch-informatiebeheer/kalktekeningen-compleet/JPEG/AA270917/GEEN%20TEKENINGNUMMER(2).jpg,GEEN TEKENINGNUMMER(2),AA270917,TR
73,5bef4a45-653a-45b0-aca4-f11bdc928a3e,https://webdata.tudelft.nl/staff-umbrella/digitalcollections/diensten/cre/technisch-informatiebeheer/kalktekeningen-compleet/JPEG/AA270918/GEEN%20TEKENINGNUMMER.jpg,GEEN TEKENINGNUMMER,AA270918,TR
74,0f1f312b-3102-4cc6-9048-b5bac570566c,https://webdata.tudelft.nl/staff-umbrella/digitalcollections/diensten/cre/technisch-informatiebeheer/kalktekeningen-compleet/JPEG/AA270919/01b.jpg,01b,AA270919,TR
75,61c1f70d-7481-4fa8-a280-54dd0e04a0d9,https://webdata.tudelft.nl/staff-umbrella/digitalcollections/diensten/cre/technisch-informatiebeheer/kalktekeningen-compleet/JPEG/AA270919/825-200.jpg,825-200,AA270919,TR
76,fb0ae57a-8713-4fbb-81d3-264be1891722,https://webdata.tudelft.nl/staff-umbrella/digitalcollections/diensten/cre/technisch-informatiebeheer/kalktekeningen-compleet/JPEG/AA270919/GEEN%20TEKENINGNUMMER.jpg,GEEN TEKENINGNUMMER,AA270919,TR
77,97eb9bee-b8d8-4f0b-8f5c-b81b7fd88e38,https://webdata.tudelft.nl/staff-umbrella/digitalcollections/diensten/cre/technisch-informatiebeheer/kalktekeningen-compleet/JPEG/AA270919/GEEN%20TEKENINGNUMMER(1).jpg,GEEN TEKENINGNUMMER(1),AA270919,TR
78,c73213d3-f03a-4d6e-a2df-3d35d5a3617e,https://webdata.tudelft.nl/staff-umbrella/digitalcollections/diensten/cre/technisch-informatiebeheer/kalktekeningen-compleet/JPEG/AA270919/GEEN%20TEKENINGNUMMER(2).jpg,GEEN TEKENINGNUMMER(2),AA270919,TR
79,06f505db-95c2-4033-a35a-c5a35c1c6a35,https://webdata.tudelft.nl/staff-umbrella/digitalcollections/diensten/cre/technisch-informatiebeheer/kalktekeningen-compleet/JPEG/AA270919/GEEN%20TEKENINGNUMMER(3).jpg,GEEN TEKENINGNUMMER(3),AA270919,TR
80,55e76dd3-8bf1-4e58-af02-7631fb2d67ac,https://webdata.tudelft.nl/staff-umbrella/digitalcollections/diensten/cre/technisch-informatiebeheer/kalktekeningen-compleet/JPEG/AA270919/GEEN%20TEKENINGNUMMER(4).jpg,GEEN TEKENINGNUMMER(4),AA270919,TR
81,601d0395-ccb6-409f-bed4-0562b8772ea9,https://webdata.tudelft.nl/staff-umbrella/digitalcollections/diensten/cre/technisch-informatiebeheer/kalktekeningen-compleet/JPEG/AA270919/GEEN%20TEKENINGNUMMER(5).jpg,GEEN TEKENINGNUMMER(5),AA270919,TR
82,b8d07c16-0bb1-47d3-9403-42e81c8d4374,https://webdata.tudelft.nl/staff-umbrella/digitalcollections/diensten/cre/technisch-informatiebeheer/kalktekeningen-compleet/JPEG/AA270919/GEEN%20TEKENINGNUMMER(6).jpg,GEEN TEKENINGNUMMER(6),AA270919,TR
83,8e160cf8-5e29-47f9-9d57-936765dce7f8,https://webdata.tudelft.nl/staff-umbrella/digitalcollections/diensten/cre/technisch-informatiebeheer/kalktekeningen-compleet/JPEG/AA270919/GEEN%20TEKENINGNUMMER(7).jpg,GEEN TEKENINGNUMMER(7),AA270919,TR
84,fc61713e-7ca3-4ba2-ba15-bb093ca4ee0e,https://webdata.tudelft.nl/staff-umbrella/digitalcollections/diensten/cre/technisch-informatiebeheer/kalktekeningen-compleet/JPEG/AA270919/GEEN%20TEKENINGNUMMER(8).jpg,GEEN TEKENINGNUMMER(8),AA270919,TR
85,b52823a0-5461-42fe-83a6-1a8a70adf7cb,https://webdata.tudelft.nl/staff-umbrella/digitalcollections/diensten/cre/technisch-informatiebeheer/kalktekeningen-compleet/JPEG/AA270919/GEEN%20TEKENINGNUMMER(9).jpg,GEEN TEKENINGNUMMER(9),AA270919,TR
86,c016ca4c-97c8-4ede-9df4-d5e2e1690868,https://webdata.tudelft.nl/staff-umbrella/digitalcollections/diensten/cre/technisch-informatiebeheer/kalktekeningen-compleet/JPEG/AA270919/GEEN%20TEKENINGNUMMER(10).jpg,GEEN TEKENINGNUMMER(10),AA270919,TR
87,3ef081bd-8165-4a3e-879e-c220bc8ba81e,https://webdata.tudelft.nl/staff-umbrella/digitalcollections/diensten/cre/technisch-informatiebeheer/kalktekeningen-compleet/JPEG/AA270919/GEEN%20TEKENINGNUMMER(11).jpg,GEEN TEKENINGNUMMER(11),AA270919,TR
88,d86402a3-e453-4cf8-9050-927dca71de17,https://webdata.tudelft.nl/staff-umbrella/digitalcollections/diensten/cre/technisch-informatiebeheer/kalktekeningen-compleet/JPEG/AA270919/Geen.jpg,Geen,AA270919,TR
89,4b7a3238-7950-4bbb-b708-f263ef342c95,https://webdata.tudelft.nl/staff-umbrella/digitalcollections/diensten/cre/technisch-informatiebeheer/kalktekeningen-compleet/JPEG/AA270927/W5.jpg,W5,AA270927,00-11.8
90,5d39265f-0d74-4e08-9147-8f1193842617,https://webdata.tudelft.nl/staff-umbrella/digitalcollections/diensten/cre/technisch-informatiebeheer/kalktekeningen-compleet/JPEG/AA270927/W10.jpg,W10,AA270927,00-11.8
91,734b3cfd-0902-44dc-bedd-968b6d2d5880,https://webdata.tudelft.nl/staff-umbrella/digitalcollections/diensten/cre/technisch-informatiebeheer/kalktekeningen-compleet/JPEG/AA270927/W11.jpg,W11,AA270927,00-11.8
92,8cb44c60-4f3d-445d-bc11-d6df62ea3dd3,https://webdata.tudelft.nl/staff-umbrella/digitalcollections/diensten/cre/technisch-informatiebeheer/kalktekeningen-compleet/JPEG/AA270927/W12.jpg,W12,AA270927,00-11.8
93,bc517340-819e-499a-acf1-c330e93d13c5,https://webdata.tudelft.nl/staff-umbrella/digitalcollections/diensten/cre/technisch-informatiebeheer/kalktekeningen-compleet/JPEG/AA270927/W13.jpg,W13,AA270927,00-11.8
94,4a3235ba-081c-42a7-8382-4ad5206ece1f,https://webdata.tudelft.nl/staff-umbrella/digitalcollections/diensten/cre/technisch-informatiebeheer/kalktekeningen-compleet/JPEG/AA270927/W14.jpg,W14,AA270927,00-11.8
95,3ca1244d-3f5a-4abd-a4e0-d2e814260135,https://webdata.tudelft.nl/staff-umbrella/digitalcollections/diensten/cre/technisch-informatiebeheer/kalktekeningen-compleet/JPEG/AA270927/W15.jpg,W15,AA270927,00-11.8
96,9951857b-e7c4-4646-908a-21c84bbcbce3,https://webdata.tudelft.nl/staff-umbrella/digitalcollections/diensten/cre/technisch-informatiebeheer/kalktekeningen-compleet/JPEG/AA270927/W16.jpg,W16,AA270927,00-11.8
97,0238126d-0479-4fab-8ff4-93df1678658a,https://webdata.tudelft.nl/staff-umbrella/digitalcollections/diensten/cre/technisch-informatiebeheer/kalktekeningen-compleet/JPEG/AA270927/W23.jpg,W23,AA270927,00-11.8
98,58ebaedf-49bc-4720-9f48-24bba740f9ca,https://webdata.tudelft.nl/staff-umbrella/digitalcollections/diensten/cre/technisch-informatiebeheer/kalktekeningen-compleet/JPEG/AA270927/W24.jpg,W24,AA270927,00-11.8
99,af413c5e-cfc5-4487-96ad-c23a2b364a30,https://webdata.tudelft.nl/staff-umbrella/digitalcollections/diensten/cre/technisch-informatiebeheer/kalktekeningen-compleet/JPEG/AA270960/20.jpg,20,AA270960,TR
100,9aefc4d0-2ef9-441d-8601-23d15107dce7,https://webdata.tudelft.nl/staff-umbrella/digitalcollections/diensten/cre/technisch-informatiebeheer/kalktekeningen-compleet/JPEG/AA270960/21.jpg,21,AA270960,TR
101,a5d46481-6c63-4a88-a0c4-985465feb254,https://webdata.tudelft.nl/staff-umbrella/digitalcollections/diensten/cre/technisch-informatiebeheer/kalktekeningen-compleet/JPEG/AA270960/22.jpg,22,AA270960,TR
102,d4c6ee33-462c-49a3-a562-06c601ec3643,https://webdata.tudelft.nl/staff-umbrella/digitalcollections/diensten/cre/technisch-informatiebeheer/kalktekeningen-compleet/JPEG/AA270960/23.jpg,23,AA270960,TR
103,6e8bd0d1-85dc-44b6-9105-935f1e856269,https://webdata.tudelft.nl/staff-umbrella/digitalcollections/diensten/cre/technisch-informatiebeheer/kalktekeningen-compleet/JPEG/AA270960/25.jpg,25,AA270960,TR
104,ea29b91b-6116-4eae-9784-e3ac5b4a7601,https://webdata.tudelft.nl/staff-umbrella/digitalcollections/diensten/cre/technisch-informatiebeheer/kalktekeningen-compleet/JPEG/AA270960/26.jpg,26,AA270960,TR
105,dc0af1e8-c1e5-490b-9c05-cf175ebc93ae,https://webdata.tudelft.nl/staff-umbrella/digitalcollections/diensten/cre/technisch-informatiebeheer/kalktekeningen-compleet/JPEG/AA270960/27.jpg,27,AA270960,TR
106,a3ddbb98-bcfe-411c-8486-70b568635479,https://webdata.tudelft.nl/staff-umbrella/digitalcollections/diensten/cre/technisch-informatiebeheer/kalktekeningen-compleet/JPEG/AA270960/29.jpg,29,AA270960,TR
107,27bd5aab-6933-4ad4-9442-813770b53f35,https://webdata.tudelft.nl/staff-umbrella/digitalcollections/diensten/cre/technisch-informatiebeheer/kalktekeningen-compleet/JPEG/AA270960/30.jpg,30,AA270960,TR
108,33f4d101-577f-430e-9e83-9959a94891f7,https://webdata.tudelft.nl/staff-umbrella/digitalcollections/diensten/cre/technisch-informatiebeheer/kalktekeningen-compleet/JPEG/AA270960/31.jpg,31,AA270960,TR
109,5e32ee5c-9917-496a-b2ed-92e824d2f7c5,https://webdata.tudelft.nl/staff-umbrella/digitalcollections/diensten/cre/technisch-informatiebeheer/kalktekeningen-compleet/JPEG/AA270960/32.jpg,32,AA270960,TR
110,a94454e5-5cb5-4093-9c2e-508d441649ec,https://webdata.tudelft.nl/staff-umbrella/digitalcollections/diensten/cre/technisch-informatiebeheer/kalktekeningen-compleet/JPEG/AA270960/33.jpg,33,AA270960,TR
111,a0173b06-d896-4dc1-a673-f419b29df9fa,https://webdata.tudelft.nl/staff-umbrella/digitalcollections/diensten/cre/technisch-informatiebeheer/kalktekeningen-compleet/JPEG/AA270960/34.jpg,34,AA270960,TR
112,928ff1aa-73a8-4e83-b1ff-cd38ccccc6a2,https://webdata.tudelft.nl/staff-umbrella/digitalcollections/diensten/cre/technisch-informatiebeheer/kalktekeningen-compleet/JPEG/AA270960/40.jpg,40,AA270960,TR
113,a7dc1c3d-5d6f-4a55-806d-ae5f593cf224,https://webdata.tudelft.nl/staff-umbrella/digitalcollections/diensten/cre/technisch-informatiebeheer/kalktekeningen-compleet/JPEG/AA270960/41.jpg,41,AA270960,TR
114,b627a3e2-11e9-4c1a-85d6-cff5e93ac6c9,https://webdata.tudelft.nl/staff-umbrella/digitalcollections/diensten/cre/technisch-informatiebeheer/kalktekeningen-compleet/JPEG/AA270960/42.jpg,42,AA270960,TR
115,99e60a23-474b-4622-bfca-f286a26e0a8a,https://webdata.tudelft.nl/staff-umbrella/digitalcollections/diensten/cre/technisch-informatiebeheer/kalktekeningen-compleet/JPEG/AA270960/43.jpg,43,AA270960,TR
116,8256ea4a-19a5-4b10-b3c3-7a9b36c30400,https://webdata.tudelft.nl/staff-umbrella/digitalcollections/diensten/cre/technisch-informatiebeheer/kalktekeningen-compleet/JPEG/AA270960/44.jpg,44,AA270960,TR
117,d180131f-851f-4e7e-95f1-d5faec5cfad1,https://webdata.tudelft.nl/staff-umbrella/digitalcollections/diensten/cre/technisch-informatiebeheer/kalktekeningen-compleet/JPEG/AA270960/45.jpg,45,AA270960,TR
118,a5c514b0-5d55-488a-af48-1e664a4eed67,https://webdata.tudelft.nl/staff-umbrella/digitalcollections/diensten/cre/technisch-informatiebeheer/kalktekeningen-compleet/JPEG/AA270960/46.jpg,46,AA270960,TR
119,795ee350-90b4-49de-86d0-d68b158ae43a,https://webdata.tudelft.nl/staff-umbrella/digitalcollections/diensten/cre/technisch-informatiebeheer/kalktekeningen-compleet/JPEG/AA270960/47.jpg,47,AA270960,TR
120,f22bbeb4-6f1a-44c5-99f5-82a34cab7f7d,https://webdata.tudelft.nl/staff-umbrella/digitalcollections/diensten/cre/technisch-informatiebeheer/kalktekeningen-compleet/JPEG/AA270960/48.jpg,48,AA270960,TR
121,5125092a-5820-4a36-9b60-17e00dc336d3,https://webdata.tudelft.nl/staff-umbrella/digitalcollections/diensten/cre/technisch-informatiebeheer/kalktekeningen-compleet/JPEG/AA270960/49.jpg,49,AA270960,TR
122,ae2d7111-da39-40c5-8688-e9ef0b7d1bc8,https://webdata.tudelft.nl/staff-umbrella/digitalcollections/diensten/cre/technisch-informatiebeheer/kalktekeningen-compleet/JPEG/AA270960/55.jpg,55,AA270960,TR
123,dee7c809-0a4d-4ed8-863f-fcc8c41f8580,https://webdata.tudelft.nl/staff-umbrella/digitalcollections/diensten/cre/technisch-informatiebeheer/kalktekeningen-compleet/JPEG/AA270960/57.jpg,57,AA270960,TR
124,f8d81f89-1b59-4c69-ab54-0594c6ec9a68,https://webdata.tudelft.nl/staff-umbrella/digitalcollections/diensten/cre/technisch-informatiebeheer/kalktekeningen-compleet/JPEG/AA270960/60.jpg,60,AA270960,TR
125,cb7f94ad-38bf-4723-86a1-af31a1df4830,https://webdata.tudelft.nl/staff-umbrella/digitalcollections/diensten/cre/technisch-informatiebeheer/kalktekeningen-compleet/JPEG/AA270960/61.jpg,61,AA270960,TR
126,1a480d5e-cbd9-401d-8ac3-4b70b6035149,https://webdata.tudelft.nl/staff-umbrella/digitalcollections/diensten/cre/technisch-informatiebeheer/kalktekeningen-compleet/JPEG/AA270960/69.jpg,69,AA270960,TR
127,e79c228c-f1a4-48b4-9172-8c560561eb61,https://webdata.tudelft.nl/staff-umbrella/digitalcollections/diensten/cre/technisch-informatiebeheer/kalktekeningen-compleet/JPEG/AA270960/74.jpg,74,AA270960,TR
128,d1c05227-2432-444a-a014-07c8b2ce83f5,https://webdata.tudelft.nl/staff-umbrella/digitalcollections/diensten/cre/technisch-informatiebeheer/kalktekeningen-compleet/JPEG/AA270960/76.jpg,76,AA270960,TR
129,5c0f4d30-5c8e-4466-bab5-6f5e534f5aeb,https://webdata.tudelft.nl/staff-umbrella/digitalcollections/diensten/cre/technisch-informatiebeheer/kalktekeningen-compleet/JPEG/AA270960/91.jpg,91,AA270960,TR
130,093d4b56-c92e-4577-8f50-775cb9868dc2,https://webdata.tudelft.nl/staff-umbrella/digitalcollections/diensten/cre/technisch-informatiebeheer/kalktekeningen-compleet/JPEG/AA270960/92.jpg,92,AA270960,TR
131,bc16a764-0b43-4181-ac0d-e5820a1b46f3,https://webdata.tudelft.nl/staff-umbrella/digitalcollections/diensten/cre/technisch-informatiebeheer/kalktekeningen-compleet/JPEG/AA270960/93.jpg,93,AA270960,TR
132,42de8b80-0e67-4f94-9cb6-698c9fa3ad28,https://webdata.tudelft.nl/staff-umbrella/digitalcollections/diensten/cre/technisch-informatiebeheer/kalktekeningen-compleet/JPEG/AA270960/94.jpg,94,AA270960,TR
133,1363eba6-02e2-47b1-a5f3-1510ad1608da,https://webdata.tudelft.nl/staff-umbrella/digitalcollections/diensten/cre/technisch-informatiebeheer/kalktekeningen-compleet/JPEG/AA270960/95.jpg,95,AA270960,TR
134,8e6c1c60-e55a-4c9a-b489-5bfdceb89e41,https://webdata.tudelft.nl/staff-umbrella/digitalcollections/diensten/cre/technisch-informatiebeheer/kalktekeningen-compleet/JPEG/AA270960/97.jpg,97,AA270960,TR
135,f18e8c44-bf92-41f6-9982-b20869f38335,https://webdata.tudelft.nl/staff-umbrella/digitalcollections/diensten/cre/technisch-informatiebeheer/kalktekeningen-compleet/JPEG/AA270960/GEEN%20TEKENINGNUMMER.jpg,GEEN TEKENINGNUMMER,AA270960,TR
136,749ae76f-8c57-48da-ba23-df42e6fdcb10,https://webdata.tudelft.nl/staff-umbrella/digitalcollections/diensten/cre/technisch-informatiebeheer/kalktekeningen-compleet/JPEG/AA270963/1.jpg,1,AA270963,00-12.6
137,60aae659-e3cb-485b-8be1-97ec1ba21154,https://webdata.tudelft.nl/staff-umbrella/digitalcollections/diensten/cre/technisch-informatiebeheer/kalktekeningen-compleet/JPEG/AA270963/1A.jpg,1A,AA270963,00-12.6
138,5d142831-4b71-4c2b-ac19-bfc89e64bafe,https://webdata.tudelft.nl/staff-umbrella/digitalcollections/diensten/cre/technisch-informatiebeheer/kalktekeningen-compleet/JPEG/AA270963/2-1.jpg,2-1,AA270963,00-12.6
139,baec173c-75c2-45a1-badf-8f0ecd5901ec,https://webdata.tudelft.nl/staff-umbrella/digitalcollections/diensten/cre/technisch-informatiebeheer/kalktekeningen-compleet/JPEG/AA270963/2-2.jpg,2-2,AA270963,00-12.6
140,fea7d363-249a-447a-9606-2d338f70cca8,https://webdata.tudelft.nl/staff-umbrella/digitalcollections/diensten/cre/technisch-informatiebeheer/kalktekeningen-compleet/JPEG/AA270963/2(1).jpg,2(1),AA270963,00-12.6
141,5cae18ad-9058-4b1d-acdc-53b5f6b4c1ed,https://webdata.tudelft.nl/staff-umbrella/digitalcollections/diensten/cre/technisch-informatiebeheer/kalktekeningen-compleet/JPEG/AA270963/2(2).jpg,2(2),AA270963,00-12.6
142,924a9489-6396-45ce-b69a-4fae21bebb74,https://webdata.tudelft.nl/staff-umbrella/digitalcollections/diensten/cre/technisch-informatiebeheer/kalktekeningen-compleet/JPEG/AA270963/3(1).jpg,3(1),AA270963,00-12.6
143,81f7ac3f-26bf-4c08-92d5-61149abc9953,https://webdata.tudelft.nl/staff-umbrella/digitalcollections/diensten/cre/technisch-informatiebeheer/kalktekeningen-compleet/JPEG/AA270963/3(2).jpg,3(2),AA270963,00-12.6
144,51d01552-5ec3-4185-965c-63f6aed8a75c,https://webdata.tudelft.nl/staff-umbrella/digitalcollections/diensten/cre/technisch-informatiebeheer/kalktekeningen-compleet/JPEG/AA270963/3(3).jpg,3(3),AA270963,00-12.6
145,f97d8e54-661a-40a9-bd63-072a40372f8c,https://webdata.tudelft.nl/staff-umbrella/digitalcollections/diensten/cre/technisch-informatiebeheer/kalktekeningen-compleet/JPEG/AA270963/3(4).jpg,3(4),AA270963,00-12.6
146,b77a310c-dc3b-4a67-92c0-2528b03a4f13,https://webdata.tudelft.nl/staff-umbrella/digitalcollections/diensten/cre/technisch-informatiebeheer/kalktekeningen-compleet/JPEG/AA270963/4.jpg,4,AA270963,00-12.6
147,a1fb143e-7a26-4147-93e8-0c3fb98ed785,https://webdata.tudelft.nl/staff-umbrella/digitalcollections/diensten/cre/technisch-informatiebeheer/kalktekeningen-compleet/JPEG/AA270963/4(1).jpg,4(1),AA270963,00-12.6
148,98c0476f-9cc5-4df7-a701-cc07b4a10ad3,https://webdata.tudelft.nl/staff-umbrella/digitalcollections/diensten/cre/technisch-informatiebeheer/kalktekeningen-compleet/JPEG/AA270963/4(2).jpg,4(2),AA270963,00-12.6
149,65331594-4c81-4730-818b-d456d7636347,https://webdata.tudelft.nl/staff-umbrella/digitalcollections/diensten/cre/technisch-informatiebeheer/kalktekeningen-compleet/JPEG/AA270963/5(1).jpg,5(1),AA270963,00-12.6
150,e7490e34-cf19-44b3-8b4e-c468e9d078b5,https://webdata.tudelft.nl/staff-umbrella/digitalcollections/diensten/cre/technisch-informatiebeheer/kalktekeningen-compleet/JPEG/AA270963/5(2).jpg,5(2),AA270963,00-12.6
151,12bd80f0-8efc-4317-97f8-9c5b87a8795b,https://webdata.tudelft.nl/staff-umbrella/digitalcollections/diensten/cre/technisch-informatiebeheer/kalktekeningen-compleet/JPEG/AA270963/8-1.jpg,8-1,AA270963,00-12.6
152,580a1d5f-4f83-4f25-9989-afa5945b32f2,https://webdata.tudelft.nl/staff-umbrella/digitalcollections/diensten/cre/technisch-informatiebeheer/kalktekeningen-compleet/JPEG/AA270963/8-2.jpg,8-2,AA270963,00-12.6
153,d43154c6-7fa1-4098-8888-c2c37374ad15,https://webdata.tudelft.nl/staff-umbrella/digitalcollections/diensten/cre/technisch-informatiebeheer/kalktekeningen-compleet/JPEG/AA270963/8-3.jpg,8-3,AA270963,00-12.6
154,27ffcec1-9898-4345-88c6-75befc919ddc,https://webdata.tudelft.nl/staff-umbrella/digitalcollections/diensten/cre/technisch-informatiebeheer/kalktekeningen-compleet/JPEG/AA270963/8-5.jpg,8-5,AA270963,00-12.6
155,ef6122c3-b864-401f-a0eb-925704905e06,https://webdata.tudelft.nl/staff-umbrella/digitalcollections/diensten/cre/technisch-informatiebeheer/kalktekeningen-compleet/JPEG/AA270963/8-6.jpg,8-6,AA270963,00-12.6
156,e3919b80-2188-4332-8e24-ad8aef897707,https://webdata.tudelft.nl/staff-umbrella/digitalcollections/diensten/cre/technisch-informatiebeheer/kalktekeningen-compleet/JPEG/AA270963/8-7.jpg,8-7,AA270963,00-12.6
157,bae52ca4-93c6-48d9-8d78-662c56885d5f,https://webdata.tudelft.nl/staff-umbrella/digitalcollections/diensten/cre/technisch-informatiebeheer/kalktekeningen-compleet/JPEG/AA270963/8-8.jpg,8-8,AA270963,00-12.6
158,3d48d22d-8c76-4316-ab38-d641a647950b,https://webdata.tudelft.nl/staff-umbrella/digitalcollections/diensten/cre/technisch-informatiebeheer/kalktekeningen-compleet/JPEG/AA270963/8.jpg,8,AA270963,00-12.6
159,c33ca6f3-5e11-4c5f-bb7e-b0fb88adb193,https://webdata.tudelft.nl/staff-umbrella/digitalcollections/diensten/cre/technisch-informatiebeheer/kalktekeningen-compleet/JPEG/AA270963/9.jpg,9,AA270963,00-12.6
160,17086580-2381-49b3-ab2b-118df95d3cf0,https://webdata.tudelft.nl/staff-umbrella/digitalcollections/diensten/cre/technisch-informatiebeheer/kalktekeningen-compleet/JPEG/AA270963/9A.jpg,9A,AA270963,00-12.6
161,04dc7c38-ab16-4669-979a-d0dfe3496462,https://webdata.tudelft.nl/staff-umbrella/digitalcollections/diensten/cre/technisch-informatiebeheer/kalktekeningen-compleet/JPEG/AA270963/11.jpg,11,AA270963,00-12.6
162,b113f413-eab7-4ba9-a297-aa05e2c44971,https://webdata.tudelft.nl/staff-umbrella/digitalcollections/diensten/cre/technisch-informatiebeheer/kalktekeningen-compleet/JPEG/AA270963/18.jpg,18,AA270963,00-12.6
163,8035a702-a217-487a-9bd0-cd5b864c7c88,https://webdata.tudelft.nl/staff-umbrella/digitalcollections/diensten/cre/technisch-informatiebeheer/kalktekeningen-compleet/JPEG/AA270963/21.jpg,21,AA270963,00-12.6
164,4ba9111e-4eec-48e8-8803-65b8ca8f269b,https://webdata.tudelft.nl/staff-umbrella/digitalcollections/diensten/cre/technisch-informatiebeheer/kalktekeningen-compleet/JPEG/AA270963/22(1).jpg,22(1),AA270963,00-12.6
165,4b891641-5e19-4a0b-a4fa-e7f61ea0ad0c,https://webdata.tudelft.nl/staff-umbrella/digitalcollections/diensten/cre/technisch-informatiebeheer/kalktekeningen-compleet/JPEG/AA270963/22(2).jpg,22(2),AA270963,00-12.6
166,0cbcc173-b005-47c5-97e5-978a5d3dd0dd,https://webdata.tudelft.nl/staff-umbrella/digitalcollections/diensten/cre/technisch-informatiebeheer/kalktekeningen-compleet/JPEG/AA270963/23(1).jpg,23(1),AA270963,00-12.6
167,570ba29d-eaac-4f08-a6fc-7cea35ca0ad7,https://webdata.tudelft.nl/staff-umbrella/digitalcollections/diensten/cre/technisch-informatiebeheer/kalktekeningen-compleet/JPEG/AA270963/23(2).jpg,23(2),AA270963,00-12.6
168,7154ced5-4c4b-460a-b01c-17a9ba166610,https://webdata.tudelft.nl/staff-umbrella/digitalcollections/diensten/cre/technisch-informatiebeheer/kalktekeningen-compleet/JPEG/AA270963/124.jpg,124,AA270963,00-12.6
169,c6c964a9-c0e0-4452-a2ed-1968f4b73bd3,https://webdata.tudelft.nl/staff-umbrella/digitalcollections/diensten/cre/technisch-informatiebeheer/kalktekeningen-compleet/JPEG/AA270963/125.jpg,125,AA270963,00-12.6
170,977576c0-5769-42c7-b1a5-4355abd9afa8,https://webdata.tudelft.nl/staff-umbrella/digitalcollections/diensten/cre/technisch-informatiebeheer/kalktekeningen-compleet/JPEG/AA270963/126.jpg,126,AA270963,00-12.6
171,fd545a8c-f508-4c2f-bc7b-11835ce48779,https://webdata.tudelft.nl/staff-umbrella/digitalcollections/diensten/cre/technisch-informatiebeheer/kalktekeningen-compleet/JPEG/AA270963/139.jpg,139,AA270963,00-12.6
172,90278644-3316-4808-93d1-365e4fc82546,https://webdata.tudelft.nl/staff-umbrella/digitalcollections/diensten/cre/technisch-informatiebeheer/kalktekeningen-compleet/JPEG/AA270963/795-D-1.jpg,795-D-1,AA270963,00-12.6
173,bf648f99-2a40-491c-9570-4b66f044b0bb,https://webdata.tudelft.nl/staff-umbrella/digitalcollections/diensten/cre/technisch-informatiebeheer/kalktekeningen-compleet/JPEG/AA270978/1(1).jpg,1(1),AA270978,00-12.1
174,52981518-9299-48de-bbb1-72b8349460d7,https://webdata.tudelft.nl/staff-umbrella/digitalcollections/diensten/cre/technisch-informatiebeheer/kalktekeningen-compleet/JPEG/AA270978/1(2).jpg,1(2),AA270978,00-12.1
175,ba8283ac-7ea5-4bce-be5d-60aa9c2017d6,https://webdata.tudelft.nl/staff-umbrella/digitalcollections/diensten/cre/technisch-informatiebeheer/kalktekeningen-compleet/JPEG/AA270978/2.jpg,2,AA270978,00-12.1
176,50b414f0-263e-4537-b47c-adde28b3fab9,https://webdata.tudelft.nl/staff-umbrella/digitalcollections/diensten/cre/technisch-informatiebeheer/kalktekeningen-compleet/JPEG/AA270985/10.jpg,10,AA270985,TR
177,87e20f9f-de63-4b58-9626-52d1603ef95c,https://webdata.tudelft.nl/staff-umbrella/digitalcollections/diensten/cre/technisch-informatiebeheer/kalktekeningen-compleet/JPEG/AA270985/14.jpg,14,AA270985,TR
178,9c4b3d75-f5fc-4729-8dfe-e826f498e5e4,https://webdata.tudelft.nl/staff-umbrella/digitalcollections/diensten/cre/technisch-informatiebeheer/kalktekeningen-compleet/JPEG/AA270985/6066-N.jpg,6066-N,AA270985,TR
179,a418c016-4dba-423c-8859-73d5a76f1da4,https://webdata.tudelft.nl/staff-umbrella/digitalcollections/diensten/cre/technisch-informatiebeheer/kalktekeningen-compleet/JPEG/AA270985/6329.jpg,6329,AA270985,TR
180,8e8df513-70a1-45bc-9d3f-b68597e5dac6,https://webdata.tudelft.nl/staff-umbrella/digitalcollections/diensten/cre/technisch-informatiebeheer/kalktekeningen-compleet/JPEG/AA270985/6329II.jpg,6329II,AA270985,TR
181,d8607619-096c-40bb-b01b-1b00412801b2,https://webdata.tudelft.nl/staff-umbrella/digitalcollections/diensten/cre/technisch-informatiebeheer/kalktekeningen-compleet/JPEG/AA270985/6330.jpg,6330,AA270985,TR
182,d6774408-5e72-4701-b791-ac50226c674c,https://webdata.tudelft.nl/staff-umbrella/digitalcollections/diensten/cre/technisch-informatiebeheer/kalktekeningen-compleet/JPEG/AA270985/6330I.jpg,6330I,AA270985,TR
183,8071fb10-bb9a-4cbb-b0f6-43c6df9336fd,https://webdata.tudelft.nl/staff-umbrella/digitalcollections/diensten/cre/technisch-informatiebeheer/kalktekeningen-compleet/JPEG/AA270985/6420-W.jpg,6420-W,AA270985,TR
184,1c0c3f1a-7bdb-41e8-80cb-e4276fa4667c,https://webdata.tudelft.nl/staff-umbrella/digitalcollections/diensten/cre/technisch-informatiebeheer/kalktekeningen-compleet/JPEG/AA270985/6425-W(1).jpg,6425-W(1),AA270985,TR
185,9c0b23df-28af-40ce-af3d-ba3cf463ea8d,https://webdata.tudelft.nl/staff-umbrella/digitalcollections/diensten/cre/technisch-informatiebeheer/kalktekeningen-compleet/JPEG/AA270985/6425-W(2).jpg,6425-W(2),AA270985,TR
186,7b0fcfae-9515-4018-87a9-5c82aa47fcf1,https://webdata.tudelft.nl/staff-umbrella/digitalcollections/diensten/cre/technisch-informatiebeheer/kalktekeningen-compleet/JPEG/AA270985/6425-W(3).jpg,6425-W(3),AA270985,TR
187,9ca8e548-f6b9-4fda-b843-31f60c369b82,https://webdata.tudelft.nl/staff-umbrella/digitalcollections/diensten/cre/technisch-informatiebeheer/kalktekeningen-compleet/JPEG/AA270985/6439-M.jpg,6439-M,AA270985,TR
188,5b00ec21-c6ed-483f-a168-0935005c7a6f,https://webdata.tudelft.nl/staff-umbrella/digitalcollections/diensten/cre/technisch-informatiebeheer/kalktekeningen-compleet/JPEG/AA270985/6445-w(1).jpg,6445-w(1),AA270985,TR
189,95d87fef-4324-44cd-97f3-9dd2f45a090c,https://webdata.tudelft.nl/staff-umbrella/digitalcollections/diensten/cre/technisch-informatiebeheer/kalktekeningen-compleet/JPEG/AA270985/6445-w(2).jpg,6445-w(2),AA270985,TR
190,c3756cc4-e91a-4bca-a309-d3205fd2c9ef,https://webdata.tudelft.nl/staff-umbrella/digitalcollections/diensten/cre/technisch-informatiebeheer/kalktekeningen-compleet/JPEG/AA270985/6445-w(3).jpg,6445-w(3),AA270985,TR
191,f53785b7-0788-4866-abf4-bad1fa7d99fc,https://webdata.tudelft.nl/staff-umbrella/digitalcollections/diensten/cre/technisch-informatiebeheer/kalktekeningen-compleet/JPEG/AA270985/N-6140-1.jpg,N-6140-1,AA270985,TR
192,d47d1ced-d29c-402b-9fd1-277f9d198e98,https://webdata.tudelft.nl/staff-umbrella/digitalcollections/diensten/cre/technisch-informatiebeheer/kalktekeningen-compleet/JPEG/AA270985/N-6140-2.jpg,N-6140-2,AA270985,TR
193,3c1adab1-ef83-4840-8676-076be4371fad,https://webdata.tudelft.nl/staff-umbrella/digitalcollections/diensten/cre/technisch-informatiebeheer/kalktekeningen-compleet/JPEG/AA270985/N6142.jpg,N6142,AA270985,TR
194,117c0d59-b1cd-4a74-9010-a3c3da1eeca2,https://webdata.tudelft.nl/staff-umbrella/digitalcollections/diensten/cre/technisch-informatiebeheer/kalktekeningen-compleet/JPEG/AA270985/N6241-2.jpg,N6241-2,AA270985,TR
195,ff5a31be-098f-4c1b-876e-bd5145240069,https://webdata.tudelft.nl/staff-umbrella/digitalcollections/diensten/cre/technisch-informatiebeheer/kalktekeningen-compleet/JPEG/AA270985/N6241-3.jpg,N6241-3,AA270985,TR
196,7da95753-3803-4c3f-9a1b-694c3a565f32,https://webdata.tudelft.nl/staff-umbrella/digitalcollections/diensten/cre/technisch-informatiebeheer/kalktekeningen-compleet/JPEG/AA270985/N6241-4.jpg,N6241-4,AA270985,TR
197,566ce948-0753-4851-bf25-f8e7e1d115b3,https://webdata.tudelft.nl/staff-umbrella/digitalcollections/diensten/cre/technisch-informatiebeheer/kalktekeningen-compleet/JPEG/AA270985/N6241-5.jpg,N6241-5,AA270985,TR
198,ba490291-68d0-4edb-bff5-45c3553596e8,https://webdata.tudelft.nl/staff-umbrella/digitalcollections/diensten/cre/technisch-informatiebeheer/kalktekeningen-compleet/JPEG/AA270985/N6241.jpg,N6241,AA270985,TR
199,89543dd3-61ac-4196-a06f-66b0a2977bf6,https://webdata.tudelft.nl/staff-umbrella/digitalcollections/diensten/cre/technisch-informatiebeheer/kalktekeningen-compleet/JPEG/AA270988/B-91.jpg,B-91,AA270988,TR
200,53ed69eb-3d08-4d60-96b3-5671a101bf20,https://webdata.tudelft.nl/staff-umbrella/digitalcollections/diensten/cre/technisch-informatiebeheer/kalktekeningen-compleet/JPEG/AA270988/B-95.jpg,B-95,AA270988,TR
201,7936a1da-4446-41a1-89d2-5e0c401e3bd6,https://webdata.tudelft.nl/staff-umbrella/digitalcollections/diensten/cre/technisch-informatiebeheer/kalktekeningen-compleet/JPEG/AA270988/W-20.jpg,W-20,AA270988,TR
202,d760f5c3-5828-45d0-8299-d32b420fd622,https://webdata.tudelft.nl/staff-umbrella/digitalcollections/diensten/cre/technisch-informatiebeheer/kalktekeningen-compleet/JPEG/AA270988/W-21.jpg,W-21,AA270988,TR
203,85194a4d-475b-4af7-9d20-0c48aaff3baa,https://webdata.tudelft.nl/staff-umbrella/digitalcollections/diensten/cre/technisch-informatiebeheer/kalktekeningen-compleet/JPEG/AA270988/W-22.jpg,W-22,AA270988,TR
204,49860b17-0af7-453e-8bf0-0e3cd9c7d84c,https://webdata.tudelft.nl/staff-umbrella/digitalcollections/diensten/cre/technisch-informatiebeheer/kalktekeningen-compleet/JPEG/AA270988/W-23.jpg,W-23,AA270988,TR
205,ffbdabf6-50cb-412b-86e9-0050d957ce44,https://webdata.tudelft.nl/staff-umbrella/digitalcollections/diensten/cre/technisch-informatiebeheer/kalktekeningen-compleet/JPEG/AA270988/W-24.jpg,W-24,AA270988,TR
206,846860b8-7408-4498-aec1-9586ccf22fad,https://webdata.tudelft.nl/staff-umbrella/digitalcollections/diensten/cre/technisch-informatiebeheer/kalktekeningen-compleet/JPEG/AA270988/W-30.jpg,W-30,AA270988,TR
207,81a836d2-47c6-45fa-b7d5-9684fda40e41,https://webdata.tudelft.nl/staff-umbrella/digitalcollections/diensten/cre/technisch-informatiebeheer/kalktekeningen-compleet/JPEG/AA270988/W-31.jpg,W-31,AA270988,TR
208,e0aade35-df19-4eb9-b477-0340c3d1672b,https://webdata.tudelft.nl/staff-umbrella/digitalcollections/diensten/cre/technisch-informatiebeheer/kalktekeningen-compleet/JPEG/AA270988/W-32.jpg,W-32,AA270988,TR
209,f5e2b963-acc7-429b-8809-7fde3bc9625e,https://webdata.tudelft.nl/staff-umbrella/digitalcollections/diensten/cre/technisch-informatiebeheer/kalktekeningen-compleet/JPEG/AA270988/W-33.jpg,W-33,AA270988,TR
210,36459e03-e396-4d61-9537-b9fa7de63860,https://webdata.tudelft.nl/staff-umbrella/digitalcollections/diensten/cre/technisch-informatiebeheer/kalktekeningen-compleet/JPEG/AA270988/W-40A.jpg,W-40A,AA270988,TR
211,4e048170-eaac-46e9-8e28-c57ad3e85ba9,https://webdata.tudelft.nl/staff-umbrella/digitalcollections/diensten/cre/technisch-informatiebeheer/kalktekeningen-compleet/JPEG/AA270988/W-41A.jpg,W-41A,AA270988,TR
212,54dcae42-bc02-44cd-b8e7-01d5a4c872cf,https://webdata.tudelft.nl/staff-umbrella/digitalcollections/diensten/cre/technisch-informatiebeheer/kalktekeningen-compleet/JPEG/AA270988/W-42A.jpg,W-42A,AA270988,TR
213,b38f2c4d-24ee-49bc-b808-5fa357ce2c54,https://webdata.tudelft.nl/staff-umbrella/digitalcollections/diensten/cre/technisch-informatiebeheer/kalktekeningen-compleet/JPEG/AA270988/W-43A.jpg,W-43A,AA270988,TR
214,40f33f48-9c2f-4b17-8b79-b9e2b9489e4d,https://webdata.tudelft.nl/staff-umbrella/digitalcollections/diensten/cre/technisch-informatiebeheer/kalktekeningen-compleet/JPEG/AA270988/W-44A.jpg,W-44A,AA270988,TR
215,c877ecc2-6d99-47ba-a4b9-579013407b9d,https://webdata.tudelft.nl/staff-umbrella/digitalcollections/diensten/cre/technisch-informatiebeheer/kalktekeningen-compleet/JPEG/AA270988/W-45A.jpg,W-45A,AA270988,TR
216,0fa0c0d6-ca97-42d0-b15e-8379e3f3c9bd,https://webdata.tudelft.nl/staff-umbrella/digitalcollections/diensten/cre/technisch-informatiebeheer/kalktekeningen-compleet/JPEG/AA270988/W-45B.jpg,W-45B,AA270988,TR
217,84f5c50a-de88-42b7-b140-4d5bda6d86f2,https://webdata.tudelft.nl/staff-umbrella/digitalcollections/diensten/cre/technisch-informatiebeheer/kalktekeningen-compleet/JPEG/AA270988/W-92.jpg,W-92,AA270988,TR
218,3965cc93-476d-4a2a-b243-5ce9cbba7efa,https://webdata.tudelft.nl/staff-umbrella/digitalcollections/diensten/cre/technisch-informatiebeheer/kalktekeningen-compleet/JPEG/AA270988/W-93.jpg,W-93,AA270988,TR
219,343ad2de-131b-4578-8d96-9f2d637c02a9,https://webdata.tudelft.nl/staff-umbrella/digitalcollections/diensten/cre/technisch-informatiebeheer/kalktekeningen-compleet/JPEG/AA270989/1(1).jpg,1(1),AA270989,00-R330
220,434bb795-d81c-44e2-aec7-dbbc4c63c415,https://webdata.tudelft.nl/staff-umbrella/digitalcollections/diensten/cre/technisch-informatiebeheer/kalktekeningen-compleet/JPEG/AA270989/1(2).jpg,1(2),AA270989,00-R330
221,b9cb8440-0cbb-4932-94af-222ecc20e73a,https://webdata.tudelft.nl/staff-umbrella/digitalcollections/diensten/cre/technisch-informatiebeheer/kalktekeningen-compleet/JPEG/AA270989/1(3).jpg,1(3),AA270989,00-R330
222,989a7350-37ff-4afb-a6b9-f914ca6b5e5c,https://webdata.tudelft.nl/staff-umbrella/digitalcollections/diensten/cre/technisch-informatiebeheer/kalktekeningen-compleet/JPEG/AA270989/1I.jpg,1I,AA270989,00-R330
223,37dd184e-2a33-4360-8d65-b4339b686edd,https://webdata.tudelft.nl/staff-umbrella/digitalcollections/diensten/cre/technisch-informatiebeheer/kalktekeningen-compleet/JPEG/AA270989/01I.jpg,01I,AA270989,00-R330
224,88b190bc-8fe8-4043-9303-62b60a685c06,https://webdata.tudelft.nl/staff-umbrella/digitalcollections/diensten/cre/technisch-informatiebeheer/kalktekeningen-compleet/JPEG/AA270989/1IV.jpg,1IV,AA270989,00-R330
225,225d28d9-24f8-41f7-ab4a-c8a4afee74ce,https://webdata.tudelft.nl/staff-umbrella/digitalcollections/diensten/cre/technisch-informatiebeheer/kalktekeningen-compleet/JPEG/AA270989/2(1).jpg,2(1),AA270989,00-R330
226,beaed7b3-7767-4a9e-bff1-df7a9aca96ba,https://webdata.tudelft.nl/staff-umbrella/digitalcollections/diensten/cre/technisch-informatiebeheer/kalktekeningen-compleet/JPEG/AA270989/2(2).jpg,2(2),AA270989,00-R330
227,8dae9c7d-6320-41dd-9a77-4178ee949c66,https://webdata.tudelft.nl/staff-umbrella/digitalcollections/diensten/cre/technisch-informatiebeheer/kalktekeningen-compleet/JPEG/AA270989/2(3).jpg,2(3),AA270989,00-R330
228,9ce4196a-b8d8-4fd0-bc3c-d9a00a8f8d16,https://webdata.tudelft.nl/staff-umbrella/digitalcollections/diensten/cre/technisch-informatiebeheer/kalktekeningen-compleet/JPEG/AA270989/2II.jpg,2II,AA270989,00-R330
229,d09d7f9e-3d52-47dc-9179-e66ccf41f5d3,https://webdata.tudelft.nl/staff-umbrella/digitalcollections/diensten/cre/technisch-informatiebeheer/kalktekeningen-compleet/JPEG/AA270989/3I.jpg,3I,AA270989,00-R330
230,607c938e-1d8f-4948-ae65-6346ae2fdd2d,https://webdata.tudelft.nl/staff-umbrella/digitalcollections/diensten/cre/technisch-informatiebeheer/kalktekeningen-compleet/JPEG/AA270989/03I.jpg,03I,AA270989,00-R330
231,28e02977-189f-4558-99ec-a3dbea498e18,https://webdata.tudelft.nl/staff-umbrella/digitalcollections/diensten/cre/technisch-informatiebeheer/kalktekeningen-compleet/JPEG/AA270989/4.jpg,4,AA270989,00-R330
232,a384bf53-9048-47df-8d61-2f5e001563ce,https://webdata.tudelft.nl/staff-umbrella/digitalcollections/diensten/cre/technisch-informatiebeheer/kalktekeningen-compleet/JPEG/AA270989/04I.jpg,04I,AA270989,00-R330
233,0c9e5573-1a2c-4e7a-9233-10908e72ce6d,https://webdata.tudelft.nl/staff-umbrella/digitalcollections/diensten/cre/technisch-informatiebeheer/kalktekeningen-compleet/JPEG/AA270989/5.jpg,5,AA270989,00-R330
234,69f7031d-2b4b-447f-98f2-110bef3136c7,https://webdata.tudelft.nl/staff-umbrella/digitalcollections/diensten/cre/technisch-informatiebeheer/kalktekeningen-compleet/JPEG/AA270992/2.jpg,2,AA270992,TR
235,cbd8dd75-e7fb-4069-8270-3cbdf62b8b28,https://webdata.tudelft.nl/staff-umbrella/digitalcollections/diensten/cre/technisch-informatiebeheer/kalktekeningen-compleet/JPEG/AA270992/3.jpg,3,AA270992,TR
236,39a41ee8-4934-42de-96e9-22361d7e8a10,https://webdata.tudelft.nl/staff-umbrella/digitalcollections/diensten/cre/technisch-informatiebeheer/kalktekeningen-compleet/JPEG/AA270992/4I.jpg,4I,AA270992,TR
237,9b6f8d17-7bde-4eab-bb55-11f57f916a33,https://webdata.tudelft.nl/staff-umbrella/digitalcollections/diensten/cre/technisch-informatiebeheer/kalktekeningen-compleet/JPEG/AA270992/GEEN%20TEKENINGNUMMER.jpg,GEEN TEKENINGNUMMER,AA270992,TR
238,143cdcf2-b556-414f-87ea-4ddcc277b632,https://webdata.tudelft.nl/staff-umbrella/digitalcollections/diensten/cre/technisch-informatiebeheer/kalktekeningen-compleet/JPEG/AA270994/23.jpg,23,AA270994,TR
239,2ca0ce5d-7ccd-4a5e-a1b8-1786b17261e4,https://webdata.tudelft.nl/staff-umbrella/digitalcollections/diensten/cre/technisch-informatiebeheer/kalktekeningen-compleet/JPEG/AA270994/26.jpg,26,AA270994,TR
240,b5547ba6-797c-49d3-95f1-7bc4ecc999ce,https://webdata.tudelft.nl/staff-umbrella/digitalcollections/diensten/cre/technisch-informatiebeheer/kalktekeningen-compleet/JPEG/AA270994/27.jpg,27,AA270994,TR
241,6ff79daf-8c22-4343-90f1-7ab67a38a9a3,https://webdata.tudelft.nl/staff-umbrella/digitalcollections/diensten/cre/technisch-informatiebeheer/kalktekeningen-compleet/JPEG/AA270994/28.jpg,28,AA270994,TR
242,4aa19826-24bc-413e-a263-998db5c8e83b,https://webdata.tudelft.nl/staff-umbrella/digitalcollections/diensten/cre/technisch-informatiebeheer/kalktekeningen-compleet/JPEG/AA270994/29.jpg,29,AA270994,TR
243,7c4e425b-a911-4397-bb25-3b30f961e8cc,https://webdata.tudelft.nl/staff-umbrella/digitalcollections/diensten/cre/technisch-informatiebeheer/kalktekeningen-compleet/JPEG/AA270994/30.jpg,30,AA270994,TR
244,66d2863e-318e-48a1-a857-71c0c8f7ef19,https://webdata.tudelft.nl/staff-umbrella/digitalcollections/diensten/cre/technisch-informatiebeheer/kalktekeningen-compleet/JPEG/AA270994/31.jpg,31,AA270994,TR
245,e7b585b1-f6ac-4211-917e-2372530cdd8e,https://webdata.tudelft.nl/staff-umbrella/digitalcollections/diensten/cre/technisch-informatiebeheer/kalktekeningen-compleet/JPEG/AA270994/33.jpg,33,AA270994,TR
246,3ef92946-a758-4ea7-9b5f-b2ea61a130ee,https://webdata.tudelft.nl/staff-umbrella/digitalcollections/diensten/cre/technisch-informatiebeheer/kalktekeningen-compleet/JPEG/AA270994/34.jpg,34,AA270994,TR
247,fc61a38c-17a3-4941-a163-19f9a705bd85,https://webdata.tudelft.nl/staff-umbrella/digitalcollections/diensten/cre/technisch-informatiebeheer/kalktekeningen-compleet/JPEG/AA270994/35.jpg,35,AA270994,TR
248,f07120c5-1218-4870-90f0-d61de12d0e4f,https://webdata.tudelft.nl/staff-umbrella/digitalcollections/diensten/cre/technisch-informatiebeheer/kalktekeningen-compleet/JPEG/AA270994/36.jpg,36,AA270994,TR
249,05f1b13b-5ebf-468d-9780-d43f05ff657d,https://webdata.tudelft.nl/staff-umbrella/digitalcollections/diensten/cre/technisch-informatiebeheer/kalktekeningen-compleet/JPEG/AA270994/37.jpg,37,AA270994,TR
250,fc101834-23ae-4126-a484-6af740bc355b,https://webdata.tudelft.nl/staff-umbrella/digitalcollections/diensten/cre/technisch-informatiebeheer/kalktekeningen-compleet/JPEG/AA270994/38.jpg,38,AA270994,TR
251,4c22c419-19bc-40f0-bfb0-b58f098b32ae,https://webdata.tudelft.nl/staff-umbrella/digitalcollections/diensten/cre/technisch-informatiebeheer/kalktekeningen-compleet/JPEG/AA270994/39.jpg,39,AA270994,TR
252,f169d345-1d74-428b-ad43-b37bcfe209b3,https://webdata.tudelft.nl/staff-umbrella/digitalcollections/diensten/cre/technisch-informatiebeheer/kalktekeningen-compleet/JPEG/AA270994/40.jpg,40,AA270994,TR
253,8ef7d003-beeb-41d0-bf14-6b290ee39581,https://webdata.tudelft.nl/staff-umbrella/digitalcollections/diensten/cre/technisch-informatiebeheer/kalktekeningen-compleet/JPEG/AA270994/41.jpg,41,AA270994,TR
254,25516e97-3b0c-4941-a80b-aeaed2cd549a,https://webdata.tudelft.nl/staff-umbrella/digitalcollections/diensten/cre/technisch-informatiebeheer/kalktekeningen-compleet/JPEG/AA270994/42.jpg,42,AA270994,TR
255,a6fa0b45-7d06-48be-aeb7-9c73b897928f,https://webdata.tudelft.nl/staff-umbrella/digitalcollections/diensten/cre/technisch-informatiebeheer/kalktekeningen-compleet/JPEG/AA270994/43.jpg,43,AA270994,TR
256,6b9a3355-7c51-47b8-949c-7a5fcb8667e1,https://webdata.tudelft.nl/staff-umbrella/digitalcollections/diensten/cre/technisch-informatiebeheer/kalktekeningen-compleet/JPEG/AA270994/46.jpg,46,AA270994,TR
257,575d5766-bb0c-4fd7-85db-3092f85b28f7,https://webdata.tudelft.nl/staff-umbrella/digitalcollections/diensten/cre/technisch-informatiebeheer/kalktekeningen-compleet/JPEG/AA270994/47.jpg,47,AA270994,TR
258,a708ed41-6d38-4e73-9c32-45c62196d72d,https://webdata.tudelft.nl/staff-umbrella/digitalcollections/diensten/cre/technisch-informatiebeheer/kalktekeningen-compleet/JPEG/AA270994/48.jpg,48,AA270994,TR
259,3fd47ddf-d7a8-45df-8dcb-e72a7ad7e130,https://webdata.tudelft.nl/staff-umbrella/digitalcollections/diensten/cre/technisch-informatiebeheer/kalktekeningen-compleet/JPEG/AA270994/50.jpg,50,AA270994,TR
260,dfdd26a1-b553-415a-80c5-71fd0f116a1c,https://webdata.tudelft.nl/staff-umbrella/digitalcollections/diensten/cre/technisch-informatiebeheer/kalktekeningen-compleet/JPEG/AA270994/51.jpg,51,AA270994,TR
